拥堵场景,SP算法时间(s),D-KSPP算法时间(s),时间改进(%),SP算法效率,D-KSPP算法效率,效率改进(%)
轻度,79.29,79.29,0.0,0.012612,0.012612,0.0
中度,146.85,146.85,0.0,0.00681,0.00681,0.0
重度,308.37,293.39,4.85,0.003243,0.003408,5.1
极端,549.64,531.07,3.38,0.001819,0.001883,3.5
